timestamp,open,high,low,close,volume
2025-05-01,121.9200,125.0800,121.9000,124.0100,9010706
2025-04-30,121.0550,122.2500,118.0500,121.9200,7534188
2025-04-29,123.2800,125.9900,123.1600,125.4900,6525371
2025-04-28,122.5100,125.2300,122.1099,123.3000,5608777
2025-04-25,121.4300,123.0900,120.8301,122.5100,2905028
2025-04-24,118.8600,121.8900,118.0000,121.7100,3690309
2025-04-23,119.7000,122.3200,116.7200,118.2800,5183356
2025-04-22,112.5900,115.8000,112.0500,114.9100,4827240
2025-04-21,111.3200,113.4000,109.7900,111.6100,5695003
2025-04-17,113.7500,114.0000,111.8600,112.7000,4454738
2025-04-16,113.5800,115.6200,111.0300,112.6400,5026557
2025-04-15,114.2250,115.7100,113.5200,114.6400,5182448
2025-04-14,117.3000,118.2900,112.5500,113.2200,4338183
2025-04-11,113.8700,115.4300,111.5900,114.5400,4817600
2025-04-10,117.6100,118.5000,110.0600,113.9100,6929590
2025-04-09,105.7300,123.2950,105.3900,121.3200,12840724
2025-04-08,110.7400,112.9700,104.1500,105.6900,7661500
2025-04-07,103.0100,110.9100,99.8800,106.3000,9975609
2025-04-04,109.2600,110.4200,104.7300,106.6600,10259898
2025-04-03,116.6200,117.1800,111.8000,113.9700,7950574
2025-04-02,119.4800,124.5900,119.0800,122.8000,5184821
2025-04-01,119.6700,121.3500,117.8000,121.1800,3916445
2025-03-31,118.8100,119.9500,115.6800,119.4600,7090262
2025-03-28,125.5400,125.5400,119.9400,120.6900,3997126
2025-03-27,126.0150,127.0900,123.4300,125.6500,4904488
2025-03-26,129.9700,131.0000,127.8500,128.6400,3504665
2025-03-25,129.5500,130.7600,128.5500,129.8800,4362943
2025-03-24,130.2450,130.7200,128.6900,129.8200,3706638
2025-03-21,124.6550,129.2500,123.3000,128.8000,8704602
2025-03-20,124.7000,127.7700,124.3600,126.1500,3260630
2025-03-19,125.1000,127.0800,124.1200,126.0000,4353075
2025-03-18,126.0000,126.0700,123.0000,124.5600,3918026
2025-03-17,123.9000,128.0000,123.7500,126.9400,5266169
2025-03-14,121.8800,124.4500,121.5700,122.8600,4418189
2025-03-13,124.9900,126.2200,119.1500,119.3800,7669670
2025-03-12,127.0000,127.4800,123.5310,126.5500,4834071
2025-03-11,129.9800,130.7686,123.7000,125.4400,9318416
2025-03-10,134.5700,135.9400,130.2000,132.1500,7381195
2025-03-07,134.7100,134.7300,130.3700,134.3900,5616851
2025-03-06,140.3250,140.3250,134.6100,134.7700,5924270
2025-03-05,141.8700,142.7900,139.2100,142.5800,3881642
2025-03-04,139.9950,143.2300,137.8200,141.4200,4799516
2025-03-03,140.3400,144.7500,139.9012,140.9800,6688879
2025-02-28,139.5000,140.1600,137.5900,138.8700,6253063
2025-02-27,144.6300,145.6900,139.0500,139.4500,4411760
2025-02-26,143.1600,145.1300,142.2201,144.0300,2910748
2025-02-25,144.7850,145.1600,140.4000,141.5500,6189194
2025-02-24,147.0000,147.0700,143.8800,144.8200,4478917
2025-02-21,154.5650,154.5650,145.7500,146.0700,7356423
2025-02-20,156.3200,157.7500,152.4700,155.3100,5099655
2025-02-19,160.0000,160.0000,155.2100,157.9800,6906074
2025-02-18,161.0400,162.5761,158.0700,160.6000,8144501
2025-02-14,158.1850,163.9300,156.9300,161.4200,21649318
2025-02-13,139.6400,141.9400,138.7600,141.0400,12745328
2025-02-12,133.0700,141.2000,132.7900,140.5200,6147194
2025-02-11,134.9100,136.2500,134.0900,134.5200,4042978
2025-02-10,136.3000,136.3600,133.1600,135.2400,4760053
2025-02-07,134.7000,139.5000,133.9056,134.9800,5933237
2025-02-06,130.1600,133.1900,130.1500,132.5700,3704352
2025-02-05,130.2700,130.3400,128.1000,129.6000,3001069
2025-02-04,129.5800,131.4900,129.0800,130.7400,2687169
2025-02-03,129.1900,130.9550,127.5150,129.7800,2745002
2025-01-31,132.2800,134.4500,130.5700,131.1700,3047116
2025-01-30,133.5600,134.3714,130.8500,131.7900,2440541
2025-01-29,131.4200,134.0500,130.8900,132.5800,3627926
2025-01-28,128.6700,131.4200,126.8600,131.0500,5929900
2025-01-27,125.9400,129.0600,125.6400,128.9600,4806967
2025-01-24,132.6100,132.7200,126.7200,127.0900,6966883
2025-01-23,132.4000,133.6400,131.7750,133.2400,3968199
2025-01-22,133.0000,135.0000,132.3400,132.5000,5028540
2025-01-21,135.4700,135.6400,131.2400,133.0700,5396777
2025-01-17,134.1700,135.6200,132.6900,135.1200,3751223
2025-01-16,132.0000,132.9500,129.8200,132.1600,2904932
2025-01-15,130.1900,133.1500,130.1600,132.5200,3732921
2025-01-14,129.8200,131.1000,127.1700,127.6000,3999323
2025-01-13,128.5850,130.1300,128.0835,128.8500,3510639
2025-01-10,131.3000,133.0500,128.8000,129.6300,4325415
2025-01-08,131.2000,131.6300,130.1000,130.8000,3204678
2025-01-07,135.3500,136.7650,130.8096,131.2900,4290458
2025-01-06,137.0000,138.1000,134.5800,135.2000,4174471
2025-01-03,131.9800,136.3600,131.9400,135.7100,3607355
2025-01-02,131.8700,134.2300,130.4100,131.4800,2606269
2024-12-31,132.4600,133.1900,131.2700,131.4100,2312564
2024-12-30,131.3100,132.6100,129.8500,131.8100,2458835
2024-12-27,133.5900,134.5000,132.1600,133.3850,2650366
2024-12-26,134.2400,136.2700,134.2400,135.3200,2067513
2024-12-24,134.3300,135.0700,132.8300,134.9900,1677060
2024-12-23,134.8100,135.5800,132.2100,134.5200,4728474
2024-12-20,128.6300,135.8200,128.3400,134.2100,15471727
2024-12-19,129.1300,131.0800,127.9100,129.3500,4745008
2024-12-18,132.0250,133.7100,127.2300,127.5400,4236662
2024-12-17,132.2000,132.6100,130.8800,132.2400,3126163
2024-12-16,131.2200,133.2800,129.1700,132.2000,4136299
2024-12-13,136.6500,137.0190,130.7500,130.9500,5288524
2024-12-12,138.1000,139.1000,134.4001,137.4700,4254067
2024-12-11,138.6800,140.1700,137.2100,138.8400,4096469
2024-12-10,137.1900,139.8899,136.6200,138.3000,4777826
2024-12-09,137.0000,138.9700,136.5900,137.2700,3648659
2024-12-06,137.7500,138.8600,136.5600,136.9200,4295842
2024-12-05,138.8400,140.3800,135.5100,136.3200,6174926
2024-12-04,136.5500,139.1500,134.8500,139.0700,3893417
2024-12-03,136.9700,138.3700,135.3762,137.4600,4681376
2024-12-02,136.0100,137.6000,135.6900,137.4900,3608673
2024-11-29,138.5300,139.5300,135.8330,136.1100,2664219
2024-11-27,139.6700,140.4100,137.6800,138.2800,2657033
2024-11-26,140.7800,141.7500,139.1800,139.6700,3228419
2024-11-25,138.0100,141.0000,137.7500,140.9300,7930535
2024-11-22,133.3000,140.7600,133.3000,137.3400,6301099
2024-11-21,134.1800,134.9500,132.5800,133.2600,4061137
2024-11-20,130.2200,135.3800,130.2200,135.2500,5537419
2024-11-19,131.1500,131.9600,129.8700,131.4400,5172381
2024-11-18,132.5600,133.4499,131.5800,132.1900,4511595
2024-11-15,134.2000,134.5300,131.3100,132.5000,4798719
2024-11-14,133.9700,136.6600,133.1500,134.5600,4777628
2024-11-13,133.8300,135.1300,131.3305,132.7600,4922621
2024-11-12,135.6500,136.1200,133.1300,133.2000,6903453
2024-11-11,136.0000,139.1600,135.1200,137.4000,6535059
2024-11-08,134.6700,137.7100,132.7600,134.6100,19189003
2024-11-07,141.7600,148.6400,141.7000,147.3700,11988903
2024-11-06,141.9800,142.9500,139.4100,140.9100,5110922
2024-11-05,137.5500,140.8700,137.0700,137.8200,4989187
2024-11-04,136.2300,137.5500,135.4500,136.8700,2459746
2024-11-01,133.9600,136.8800,133.8052,136.4600,3707590
2024-10-31,137.7000,138.0600,134.2600,134.7900,5049074
2024-10-30,136.4700,138.6600,136.3100,136.5000,3010462
2024-10-29,135.3300,138.3500,135.2438,137.7800,2871886
2024-10-28,136.3000,137.3000,135.4000,135.7800,3260682
2024-10-25,133.3800,135.2800,133.1700,134.5800,2552060
2024-10-24,133.5500,133.7500,131.6600,132.7500,2678040
2024-10-23,135.0000,136.2000,131.2700,131.9200,3444561
2024-10-22,136.1100,136.3500,135.3316,135.5900,2408385
2024-10-21,135.6600,137.9900,135.1300,137.1900,2900530
2024-10-18,136.8100,136.8900,135.1600,136.4500,2391131
2024-10-17,135.7000,136.6500,135.1100,136.0200,3813990
2024-10-16,134.7300,137.3950,134.3200,135.1500,3691540
2024-10-15,133.5100,134.0000,132.3000,133.2700,3502678
2024-10-14,133.9700,134.9800,133.4200,134.7900,2313963
2024-10-11,132.3000,135.3550,132.3000,134.4000,2714747
2024-10-10,135.5500,136.3700,132.5200,132.8100,3060026
2024-10-09,133.4000,135.7600,132.8400,135.4900,3731800
2024-10-08,130.1500,134.4300,130.1500,132.5000,3304421
2024-10-07,129.0850,131.3100,128.7700,130.2300,2847769
2024-10-04,128.4200,129.9300,127.2700,129.8500,2988440
2024-10-03,124.6000,125.5550,123.5800,125.2900,2246999
2024-10-02,125.3300,126.4400,124.5500,126.1800,2707663
2024-10-01,127.3500,128.2000,123.7100,125.4700,3895531
2024-09-30,127.3200,128.2300,125.9200,126.8100,3810992
2024-09-27,130.1600,130.3100,128.1700,128.2500,2525697
2024-09-26,132.7060,133.3400,129.1460,129.2500,3825948
2024-09-25,131.3100,131.9000,130.3000,130.7100,2310696
2024-09-24,130.5800,131.6700,129.5900,131.4800,4189105
2024-09-23,131.5000,131.6400,128.9000,129.0300,3682591
2024-09-20,129.8300,131.9500,129.0300,131.1800,12476321
2024-09-19,127.9300,131.3500,127.4400,128.7500,7691622
2024-09-18,122.3200,125.6600,122.0000,122.4200,3861293
2024-09-17,119.8700,124.7400,119.4850,122.1200,6323569
2024-09-16,117.9900,118.3000,116.1600,117.5500,3229853
2024-09-13,117.7500,119.2100,117.1500,117.7500,3514203
2024-09-12,116.3300,117.3800,115.0500,117.3600,3076184
2024-09-11,115.0900,116.1700,112.5500,115.9600,3644976
2024-09-10,117.0100,117.4063,112.8600,115.1200,4080373
2024-09-09,115.1100,117.9200,114.9850,116.3600,4178558
2024-09-06,116.3700,117.2600,113.2400,114.2800,4072379
2024-09-05,114.6400,116.4500,114.6000,116.1600,3593436
2024-09-04,114.2700,115.9900,114.1900,115.2100,3273890
2024-09-03,116.3950,117.8350,114.1300,114.9800,4678840
2024-08-30,116.9400,118.0500,116.2900,117.3100,3279531
2024-08-29,118.1700,119.3800,116.4200,116.6000,3330982
2024-08-28,116.0000,117.7300,115.7600,117.5300,3463705
2024-08-27,115.3000,117.4200,115.1700,116.7400,3457429
2024-08-26,116.8500,117.3900,115.3500,115.7100,4948158
2024-08-23,116.6400,118.7000,116.3700,116.8500,4998414
2024-08-22,117.6800,118.3950,115.3000,115.4500,4875497
2024-08-21,118.0400,118.2700,116.7000,117.6800,5028525
2024-08-20,118.9400,119.2800,117.1750,117.3800,3940048
2024-08-19,116.9300,119.3000,116.4400,119.1400,4184729
2024-08-16,117.9000,118.8000,116.2200,116.3100,4592024
2024-08-15,118.1950,119.1330,116.3700,118.8800,5266295
2024-08-14,117.7200,118.7400,116.1800,116.2400,3504796
2024-08-13,114.3900,117.7700,114.0500,116.9000,4662047
2024-08-12,115.4800,115.5000,113.2700,113.6200,3980998
2024-08-09,114.4650,116.2600,112.6000,115.0800,4764351
2024-08-08,113.9800,116.4300,112.4200,114.6400,8006214
2024-08-07,112.4400,115.5500,110.3800,113.0100,29027861
2024-08-06,126.9050,131.4500,126.3000,130.4700,11148435
2024-08-05,123.7700,125.9500,122.0600,125.3100,7521889
2024-08-02,129.3100,129.6000,126.5000,128.2300,7745494
2024-08-01,139.7000,139.7800,132.9000,135.0900,5166851
2024-07-31,140.7900,141.2199,139.1000,139.5600,3331392
2024-07-30,140.6500,140.9900,137.9000,138.9900,2996153
2024-07-29,141.2400,142.4299,140.0000,140.2900,2723157
2024-07-26,141.9000,141.9100,139.0300,140.1000,5101418
2024-07-25,141.2500,141.9450,137.5800,140.0300,5626549
2024-07-24,146.7300,147.1100,142.9800,144.2300,5461901
2024-07-23,150.5600,151.2500,147.8300,148.7500,2676905
2024-07-22,148.1400,150.3700,146.5500,150.1800,3672064
2024-07-19,147.0300,149.1600,147.0300,147.9900,3131618
2024-07-18,148.1700,150.1450,146.7500,146.8800,3593705
2024-07-17,149.2400,150.1000,147.2600,148.0000,3242315
2024-07-16,148.4700,151.6400,147.8800,151.2600,4079268
2024-07-15,145.8800,148.4700,144.7500,147.2200,3546065
2024-07-12,146.8300,148.0000,146.1900,146.7800,2923457
2024-07-11,150.5500,152.0000,144.1300,146.0000,6289510
2024-07-10,153.1100,153.2000,150.0900,151.8400,3263527
2024-07-09,152.9200,155.6600,151.9650,152.4500,4329182
2024-07-08,152.6500,154.2000,150.7550,151.9600,3228334
2024-07-05,152.4000,152.8800,151.4400,152.5000,3836132
2024-07-03,153.9100,154.4300,152.3000,152.7300,1725631
2024-07-02,151.2900,155.2100,151.2900,154.3400,3526073
2024-07-01,152.2000,152.2000,149.1400,151.6300,2904962
2024-06-28,151.5400,152.9300,150.6800,151.6300,3842498
2024-06-27,150.4600,151.8800,149.3900,151.6100,3588639
2024-06-26,149.7300,150.3850,149.3700,150.0000,3797877
2024-06-25,148.9700,151.2750,148.8500,150.9100,5008296
2024-06-24,149.1500,150.0400,146.7100,148.3900,4530892
2024-06-21,148.7600,150.0000,147.2500,149.5700,7648402
2024-06-20,147.7700,149.7500,147.6000,147.8800,2874248
2024-06-18,149.9000,150.5490,146.9000,147.2900,3316730
2024-06-17,147.0000,150.1200,146.7750,149.5000,5158771
2024-06-14,145.5000,146.0500,144.2800,145.9700,2754612
2024-06-13,148.9900,149.0000,143.7300,146.1000,4450397
2024-06-12,149.9900,150.2900,148.6210,149.3200,3579847
2024-06-11,147.9700,148.7950,146.4800,147.7500,3285755
2024-06-10,146.0100,148.3200,146.0000,148.0700,3080317
2024-06-07,146.2000,147.0300,145.3800,146.6600,2595555
2024-06-06,145.5100,148.7900,145.1550,147.0000,3463102
2024-06-05,147.9800,148.7000,145.1410,145.7800,3121512
2024-06-04,145.8200,147.9200,145.4400,147.0800,3048535
2024-06-03,145.7400,146.9600,144.3600,146.2500,3843406
2024-05-31,145.7800,146.4300,142.5700,144.9300,3778585
2024-05-30,145.4000,147.5900,144.4100,145.5200,3576681
2024-05-29,144.8800,147.1300,144.7342,146.6100,2570900
2024-05-28,146.0000,147.8700,145.1100,147.0100,5741611
2024-05-24,142.5000,145.9700,142.3000,144.4700,4497760
2024-05-23,142.5800,143.4400,140.8200,141.0400,3900851
2024-05-22,143.9400,144.2100,142.3600,142.7100,3190821
2024-05-21,145.7100,145.7100,144.0900,144.1000,4484983
2024-05-20,146.1800,146.4800,145.2100,146.3700,3747439
2024-05-17,146.8100,147.4950,145.3050,145.6600,3279035
2024-05-16,146.3400,147.7900,145.8500,147.1900,3827765
2024-05-15,147.5700,147.6900,144.7500,145.8000,5996014
2024-05-14,149.4000,149.4000,146.3100,146.7000,4167440
2024-05-13,147.0500,149.2400,145.7000,149.1300,5647508
2024-05-10,147.7500,148.1200,144.6300,146.3200,5524840
2024-05-09,146.6000,150.0050,145.5701,147.0500,14802560
2024-05-08,157.1000,158.6200,155.8400,157.9000,8236465
2024-05-07,161.8100,162.8800,159.7500,159.8100,2916232
2024-05-06,161.0000,162.4100,160.1700,162.0000,2912176
2024-05-03,161.8100,165.5000,159.1500,159.7100,4529908
2024-05-02,157.2100,158.4000,153.2000,158.3300,4778430
2024-05-01,157.5800,160.9500,156.0000,156.1600,2752108
2024-04-30,160.5600,162.0900,158.5200,158.5700,3017911
2024-04-29,164.7500,165.5000,161.2800,162.2500,2312554
2024-04-26,163.6800,165.1600,162.7700,164.2300,2821077
2024-04-25,161.5100,163.7300,159.5000,163.0100,2401828
2024-04-24,164.4750,166.7446,161.0900,162.8400,3854493
2024-04-23,157.2400,161.1400,156.7000,160.9500,3455413
2024-04-22,156.1900,157.2500,153.7650,156.6100,3029952
2024-04-19,159.5400,160.3350,154.5600,155.0100,3904759
2024-04-18,159.6000,162.9400,159.2100,160.1000,3930357
2024-04-17,158.4500,159.7000,156.4100,158.3700,3905042
2024-04-16,155.8300,158.9400,155.3000,156.6600,2728607
2024-04-15,161.8100,162.9000,154.4100,155.6000,3723317
2024-04-12,162.4200,162.7123,158.7800,159.3700,3700504
2024-04-11,159.0000,166.2200,158.9000,165.4200,3580302
2024-04-10,159.6300,160.9600,158.6300,160.2800,2478757
2024-04-09,161.5500,163.2050,159.9100,162.6600,2283271
2024-04-08,160.3600,161.1800,159.2900,160.2700,2296380
2024-04-05,159.1500,162.7100,158.9000,161.7700,2225269
2024-04-04,161.2200,163.6500,158.5200,158.8400,3535186
2024-04-03,158.7500,161.3300,158.5800,159.3400,2273294
2024-04-02,160.9500,160.9800,158.6800,160.1100,3998743
2024-04-01,166.4300,166.7200,162.7500,163.3700,2494146
2024-03-28,166.5700,167.3800,164.5900,164.9600,3415958
2024-03-27,169.1100,169.1100,165.5000,166.4100,3921949
2024-03-26,169.6900,170.0000,167.3200,167.3900,2747663
2024-03-25,167.8600,169.0800,166.2800,167.9900,3216070
2024-03-22,167.0000,168.8000,166.6401,167.8600,2837023
2024-03-21,165.8100,170.1000,165.0000,168.1800,5986505
2024-03-20,162.3900,165.7500,162.2650,164.7100,4766298
2024-03-19,161.4900,164.0999,161.0550,161.7900,3420732
2024-03-18,161.9450,162.8700,160.6000,161.8600,4296942
2024-03-15,166.3900,166.5225,160.1600,160.6400,7153845
2024-03-14,165.7400,166.7199,162.7200,166.4400,4879709
2024-03-13,162.4200,168.0000,160.6900,164.7600,7392029
2024-03-12,163.0000,167.0000,162.7300,166.6700,3940295
2024-03-11,163.7600,164.2600,161.9750,162.9900,3144453
2024-03-08,166.0000,168.1900,163.4800,164.9100,4105743
2024-03-07,165.0000,165.3850,162.2400,163.5400,3810295
2024-03-06,160.1000,164.5900,160.0700,163.8700,5167916
2024-03-05,157.2000,159.9800,156.1400,159.3300,4714293
2024-03-04,159.9000,163.0150,157.9300,158.0900,4403219
2024-03-01,157.2300,160.9800,156.8106,159.7200,5367283
2024-02-29,153.4000,160.0000,153.2200,157.4700,8002291
2024-02-28,152.0300,154.9000,151.7900,153.4300,4329074
2024-02-27,150.0000,152.4700,149.2300,152.0600,4623715
2024-02-26,149.9600,150.1800,148.5600,149.2700,5277943
2024-02-23,153.2700,155.3000,150.8250,152.6600,4851068
2024-02-22,151.0200,155.7000,150.2650,155.2600,6115025
2024-02-21,145.9800,149.2600,145.3960,149.2400,4570787
2024-02-20,150.3100,150.6800,145.8800,148.1500,5229688
2024-02-16,156.1000,156.1000,151.7800,152.5100,6520114
2024-02-15,148.9100,158.2700,148.7500,157.6900,11922986
2024-02-14,146.1600,149.5300,142.5700,148.2000,16021806
2024-02-13,149.2100,153.0200,148.5800,150.8200,11801679
2024-02-12,148.6800,157.3450,148.3400,153.8000,7909487
2024-02-09,145.8400,148.6800,145.1800,147.5950,5006763
2024-02-08,149.2500,150.6700,148.0600,150.5400,3508283
2024-02-07,145.1200,148.7700,143.8600,147.5500,4214118
2024-02-06,145.1000,145.1300,142.9517,144.5300,3697593
2024-02-05,146.0900,146.4000,142.6800,144.7800,3010888
2024-02-02,143.9900,148.0800,141.2401,146.5500,4252797
2024-02-01,144.8000,146.8500,143.6500,146.4900,3416682
2024-01-31,148.6450,148.7400,143.9200,144.1400,4126572
2024-01-30,150.5400,151.0300,148.6800,149.4400,3884021
2024-01-29,150.0000,153.3800,148.5400,152.7000,5316315
2024-01-26,142.1100,151.5300,141.4900,149.6200,11342568
2024-01-25,143.2000,143.2900,140.3679,142.1100,3677549
2024-01-24,143.8100,144.1000,139.5800,141.1900,4417904
2024-01-23,142.7500,143.9300,140.5200,142.3000,3882149
2024-01-22,141.1550,144.0500,140.9000,142.0100,4482914
2024-01-19,138.6000,140.2850,136.3200,139.9300,4089098
2024-01-18,137.0000,139.5350,135.2250,137.0400,5273027
2024-01-17,132.8400,135.0900,131.1000,134.9800,3039656
2024-01-16,135.9000,136.0000,133.6700,135.0200,5514773
2024-01-12,139.3500,140.9900,137.1300,137.1400,2481982
2024-01-11,140.7100,141.2000,137.5500,139.4500,2383518
2024-01-10,139.2000,140.8250,138.7000,139.7600,2492691
2024-01-09,138.5200,139.5400,137.7900,139.5300,3560892
2024-01-08,137.3100,140.2500,136.6100,140.0800,4179708
2024-01-05,134.2500,136.6500,133.8950,135.9800,3977632
2024-01-04,132.8600,137.0344,132.5000,133.7200,4056898
2024-01-03,132.7100,134.5400,130.8200,133.4200,4266614
2024-01-02,134.4300,135.6000,133.3400,134.4800,3485247
2023-12-29,136.7100,137.8700,135.4300,136.1400,3076112
2023-12-28,136.5500,137.1900,135.6950,137.0000,2770816
2023-12-27,139.1350,139.1350,136.0500,136.5500,3979570
2023-12-26,141.0000,141.0000,137.7700,138.7200,4384804
2023-12-22,141.8800,142.5100,139.7300,140.8000,2937363
2023-12-21,142.3700,143.4900,140.3100,142.0900,3318535
2023-12-20,146.5000,146.5000,140.6500,141.0700,5718006
2023-12-19,147.5000,148.6100,146.6800,146.9100,5054417
2023-12-18,147.1600,148.4600,146.1200,147.5000,4175159
2023-12-15,147.2600,148.7300,145.8600,146.6000,8239015
2023-12-14,145.0000,149.9200,144.9800,147.2600,9568622
2023-12-13,142.9500,144.9400,140.3400,144.5100,6673909
2023-12-12,137.9000,141.0600,137.5800,140.5500,6823194
2023-12-11,141.3600,144.5000,140.8500,142.9100,4560543
2023-12-08,138.1900,141.5400,137.8000,140.6800,4411181
2023-12-07,135.5100,141.1600,135.4300,139.8400,7108552
2023-12-06,135.5900,138.4800,135.1400,135.3100,4810915
2023-12-05,132.6800,135.7050,132.6600,133.7100,4202219
2023-12-04,134.0000,136.7500,132.7200,133.7000,5263394
2023-12-01,125.5000,135.4200,125.4000,135.0200,7424812
2023-11-30,127.0000,128.1300,125.0850,126.3400,5956297
2023-11-29,127.0000,129.5830,126.0598,126.4800,4615425
2023-11-28,128.7900,129.5400,125.8500,127.5600,4024433
2023-11-27,127.5000,129.5600,125.8500,129.0000,4408422
2023-11-24,129.0500,129.5899,127.7800,128.3700,2058920
2023-11-22,127.7500,130.5800,127.7100,129.0400,3974609
2023-11-21,128.0000,128.0500,124.9300,126.8200,4587125
2023-11-20,127.4000,130.9500,127.0100,129.7000,4645935
2023-11-17,126.6500,127.9700,125.4500,127.1500,3796137
2023-11-16,127.1200,128.4000,125.3100,126.2800,4177338
2023-11-15,128.0000,131.6200,127.0606,128.3500,6851426
2023-11-14,122.3550,127.1200,121.5100,126.6800,8405215
2023-11-13,117.5100,119.8600,117.4013,119.1500,3408800
2023-11-10,114.5250,118.5400,114.1700,118.1500,4775350
2023-11-09,118.3500,119.5300,115.2000,115.5200,5519622
2023-11-08,119.4300,121.2000,116.1787,117.6600,7813986
2023-11-07,118.2500,122.1800,118.1000,121.0800,5163900
2023-11-06,123.2150,123.9300,116.8500,118.1700,7701997
2023-11-03,117.9800,123.4500,117.3800,122.6400,9020387
2023-11-02,122.5100,122.7400,114.1000,115.5000,14053455
2023-11-01,118.2500,119.8900,116.6600,119.4700,9336533
2023-10-31,117.1300,118.6900,114.9100,118.2900,4647399
2023-10-30,117.1500,118.5900,115.3500,116.9500,5218039
2023-10-27,116.2100,116.7450,113.2350,114.0900,5201552
2023-10-26,118.1400,119.5475,114.4000,115.4700,5217503
2023-10-25,120.7500,120.7500,118.3200,118.5000,4844458
2023-10-24,121.1800,123.1700,120.5700,122.0100,3651605
2023-10-23,116.4800,122.5250,115.5500,120.3900,5442484
2023-10-20,119.4900,119.9200,116.0800,116.4900,6195537
2023-10-19,122.3900,123.4800,119.3300,119.9700,4374408
2023-10-18,123.0200,124.3500,121.7200,122.1700,4098435
2023-10-17,123.7600,126.7799,122.6600,125.7100,3073583
2023-10-16,125.1900,126.7600,124.1858,125.1900,2706050
2023-10-13,127.6100,129.8400,123.5500,124.0800,4929464
2023-10-12,130.2900,130.4100,124.8200,125.9700,4023286
2023-10-11,132.1200,132.6900,128.5200,130.0000,3456474
2023-10-10,127.6900,132.7800,126.9500,131.5900,5114703
2023-10-09,124.0000,127.9200,121.8100,127.7700,5092037
2023-10-06,123.0000,127.4000,122.0200,126.3600,5153662
2023-10-05,126.5400,126.6200,121.6700,124.9900,7630208
2023-10-04,128.7500,130.2200,127.2950,127.4100,5822033
2023-10-03,132.1700,133.4100,126.4900,127.7300,9019737
2023-10-02,136.5500,138.0000,135.3600,136.5600,3489091
2023-09-29,138.0500,141.0750,136.3600,137.2100,4782071
2023-09-28,133.6500,138.2300,132.8801,136.4700,4058877
2023-09-27,133.8000,134.9000,131.2200,134.0300,3771335
2023-09-26,132.7800,133.9400,131.1700,132.2800,4194040
2023-09-25,130.8000,134.2500,130.8000,134.1400,4154503
2023-09-22,133.7100,134.1842,131.1200,132.2000,4279181
2023-09-21,135.5550,135.9800,132.3900,132.7500,8515389
2023-09-20,142.7600,143.2700,137.9500,138.0100,5192076
2023-09-19,141.8600,142.5700,139.7700,141.8500,6675517
2023-09-18,141.9300,144.4000,141.1900,142.5500,7351442
2023-09-15,143.5850,144.9500,142.1000,142.7500,74788474
2023-09-14,144.6100,145.7200,141.6900,144.1200,8365548
2023-09-13,146.0000,147.0000,143.6050,144.7150,7893268
2023-09-12,146.8800,151.1550,146.8200,147.5000,7342691
2023-09-11,146.2200,148.2500,144.8600,147.3300,7178964
2023-09-08,143.9400,146.8500,143.1800,145.8200,9329068
2023-09-07,139.2500,144.2500,139.0100,143.2700,7928238
2023-09-06,140.7800,143.2200,140.2663,141.7700,7114436
2023-09-05,141.1500,144.2600,139.8000,142.2900,21052754
2023-09-01,133.7000,134.5000,131.3300,132.6900,4517786
2023-08-31,130.6000,132.4400,129.8100,131.5500,3860311
2023-08-30,130.4700,132.4500,129.3100,130.6100,4709893
2023-08-29,126.5500,132.8800,126.0000,132.2500,5622866
2023-08-28,127.0000,127.0000,124.9500,126.1550,2348537
2023-08-25,125.0400,126.6000,124.1900,125.7900,2415159
2023-08-24,128.2300,128.8400,124.6400,124.7200,2980820
2023-08-23,126.9000,129.1850,126.4000,128.1300,4605440
2023-08-22,124.2500,127.2400,124.0008,127.0800,4946032
2023-08-21,126.1550,126.5400,123.4900,124.0000,4875979
2023-08-18,124.9300,126.0800,123.3800,125.0600,5963616
2023-08-17,129.2200,129.6000,127.3706,127.9900,3908528
2023-08-16,129.0000,130.1500,128.4000,128.8300,3336853
2023-08-15,132.5000,132.8100,129.7300,129.8500,3970461
2023-08-14,133.5600,133.7900,131.7400,133.2400,3373839
2023-08-11,134.1500,134.2600,131.7000,133.6800,4412738
2023-08-10,139.8700,140.9700,135.6500,135.9700,3437587
2023-08-09,140.1400,140.5500,137.3300,137.8700,3389682
2023-08-08,140.5200,140.5200,137.0300,139.5500,4685767
2023-08-07,142.0000,144.0000,138.7900,143.2000,4079123
2023-08-04,140.4700,145.3200,137.6200,140.1700,8623302
2023-08-03,140.9400,143.1025,139.7500,140.8800,11483818
2023-08-02,146.4500,147.1150,143.1900,144.5600,7030997
2023-08-01,149.6200,150.4196,148.0300,148.9100,4524604
2023-07-31,153.8600,154.9500,151.5500,152.1900,4459756
2023-07-28,150.2300,154.4900,150.2100,153.3300,4164344
2023-07-27,151.8900,153.1750,147.5550,148.5000,5425994
2023-07-26,147.8300,150.2700,147.0900,150.1700,4055506
2023-07-25,147.6100,150.7800,147.4600,148.6500,4121251
2023-07-24,147.0600,148.2900,144.1800,147.6200,4373201
2023-07-21,147.0000,149.9900,146.9100,148.7700,11813010
2023-07-20,143.5900,146.2700,143.5000,145.2800,4246295
2023-07-19,145.7500,147.6746,144.1900,145.5350,4968555
2023-07-18,144.0000,147.5399,143.7500,146.5300,4124895
2023-07-17,142.2900,147.4000,142.2900,145.3600,5755755
2023-07-14,140.2500,143.5700,139.6900,143.3400,6728498
2023-07-13,138.9600,140.6000,137.3000,140.0900,5532320
2023-07-12,139.3500,140.3200,135.5200,137.0200,5583563
2023-07-11,129.4500,138.0900,128.7700,137.5400,10045591
2023-07-10,130.1800,133.3390,129.6100,131.7100,4051952
2023-07-07,128.1600,131.6200,128.0600,130.3200,3149193
2023-07-06,129.1700,129.3229,126.0600,128.1600,3736527
2023-07-05,131.8450,132.9500,130.5350,131.6900,3429919
2023-07-03,129.2800,134.2700,129.2300,132.3500,5001785
2023-06-30,127.2500,131.1400,127.0200,128.1600,4604635
2023-06-29,127.6400,128.0000,123.4200,125.1000,4241977
2023-06-28,127.3900,131.8800,126.1700,127.6300,6130392
2023-06-27,124.4100,128.1700,123.3200,127.8900,4507674
2023-06-26,122.9000,126.7000,122.8000,123.1300,3645763
2023-06-23,125.9900,126.8000,124.0000,124.7300,5799995
2023-06-22,126.5800,128.6200,125.3500,127.9600,3940483
2023-06-21,125.0900,129.2600,125.0900,127.4600,4711852
2023-06-20,126.3700,127.6300,124.3950,126.4500,5384674
2023-06-16,128.6800,129.2000,126.7900,128.6800,6894180
2023-06-15,122.9600,128.3799,122.7500,127.8500,5599370
2023-06-14,125.3900,126.3862,122.7650,125.1400,5696699
2023-06-13,124.6100,125.7400,123.2200,124.9000,5276791
2023-06-12,119.3650,125.0000,118.8800,124.5900,7880981
2023-06-09,120.2500,122.7400,117.4500,117.8600,7430877
2023-06-08,114.9700,116.3300,113.5800,115.5000,4435440
2023-06-07,118.1400,120.1600,115.9200,116.5500,4637584
2023-06-06,115.9200,119.0900,115.4100,117.3000,5025661
2023-06-05,115.1200,116.5950,112.3150,115.6900,8324362
2023-06-02,112.9300,118.4500,112.9300,118.0600,10149972
2023-06-01,109.8400,113.5400,109.1100,112.1600,6644088
2023-05-31,105.6000,110.0950,103.7400,109.7700,10162580
2023-05-30,107.7250,108.7887,106.0200,107.1900,5460117
2023-05-26,105.1800,107.6150,104.9900,106.8100,4680146
2023-05-25,106.1000,106.5200,103.7400,104.4200,4834459
2023-05-24,105.4600,106.5900,103.8201,105.7100,5371655
2023-05-23,109.0000,109.7061,105.6700,106.2500,6498151
2023-05-22,106.2600,110.7300,106.2000,109.9300,7350588
2023-05-19,110.8200,110.8200,106.6450,107.3800,9203689
2023-05-18,108.3400,112.3400,108.3400,111.8700,6945927
2023-05-17,106.0700,109.9297,104.9400,108.3300,6887413
2023-05-16,105.7200,107.5800,104.3000,105.4100,5593052
2023-05-15,105.0600,106.1500,103.5500,105.7800,5422484
2023-05-12,111.3600,111.5600,104.2100,105.2750,14768544
2023-05-11,113.1400,114.4600,111.0400,111.2000,9579405
2023-05-10,109.8500,115.5100,109.3700,113.1900,34191000
2023-05-09,126.6000,128.9600,125.0100,127.0700,15410317
2023-05-08,123.1600,127.5550,122.9800,125.6500,10142902
2023-05-05,120.0100,120.3000,116.9300,119.9000,6624644
2023-05-04,118.9400,119.1700,116.1800,117.6300,4939904
2023-05-03,120.8500,121.1900,117.9700,118.8600,3687660
2023-05-02,120.2400,121.7000,117.9400,120.5800,4861759
2023-05-01,119.2600,122.6500,118.9800,121.4200,4830645
2023-04-28,114.6000,120.4700,113.0000,119.6700,4974339
2023-04-27,114.4400,115.8500,112.2867,115.2500,3870525
2023-04-26,113.5000,114.6000,113.2000,113.6800,3587710
2023-04-25,115.3100,115.4300,112.4700,112.5050,3659730
2023-04-24,115.5300,116.4000,114.5100,116.1200,3240439
2023-04-21,114.9550,115.7500,112.0200,115.5000,7357782
2023-04-20,118.3700,119.7000,117.8200,118.4000,4369652
2023-04-19,118.1450,120.3700,117.6400,120.1000,3309716
2023-04-18,119.8300,121.3200,118.1000,119.1900,7162212
2023-04-17,115.4200,116.1800,114.5900,116.1700,3248180
2023-04-14,113.8900,115.1200,113.0200,114.6500,3415241
2023-04-13,113.1800,114.4000,112.8100,113.9500,3878120
2023-04-12,114.8000,115.8400,111.4000,112.4200,6068699
2023-04-11,113.5600,114.8000,112.5900,114.2500,4845428
2023-04-10,108.6900,112.6300,108.4001,112.6000,5406420
2023-04-06,113.3400,113.4150,107.6600,109.6900,14400096
2023-04-05,117.8700,117.8700,111.4900,115.3400,6737046
2023-04-04,121.6800,122.0600,118.2100,118.4600,3349254
2023-04-03,123.0000,123.0900,119.7107,121.4600,4230612
2023-03-31,123.3000,125.9400,122.8000,124.4000,5533754
2023-03-30,120.8000,122.6500,120.1100,122.2800,5437927
2023-03-29,118.3400,119.1900,117.1506,118.8000,2711505
2023-03-28,117.9700,118.3100,116.0150,116.6100,2941034
2023-03-27,117.9900,119.2740,116.7400,117.9100,2819623
2023-03-24,119.5000,119.7000,115.3900,116.9200,4292384
2023-03-23,122.5100,124.6600,118.3300,120.3000,4028510
2023-03-22,123.8900,125.4300,121.0000,121.1700,3971064
2023-03-21,120.0000,124.4300,119.8500,123.6900,5374445
2023-03-20,118.0600,119.0200,116.6254,118.4000,3997686
2023-03-17,119.7150,119.9600,116.5500,118.1500,5513629
2023-03-16,113.9500,120.0600,113.5100,119.9900,7697232
2023-03-15,113.8600,114.3200,111.5100,113.5800,6305075
2023-03-14,118.9400,119.1000,114.9100,116.3600,5416449
2023-03-13,115.7220,117.9000,113.6600,115.9600,5282014
2023-03-10,119.7350,121.4400,115.8500,118.3000,5254762
2023-03-09,125.0600,125.2000,119.7100,119.8400,6147726
2023-03-08,126.9000,127.6600,124.7400,125.0000,3290816
2023-03-07,125.7400,130.8500,125.5000,126.9400,5590811
2023-03-06,126.3550,129.4399,125.2800,126.3300,5292491
2023-03-03,123.1800,125.8700,122.7000,125.7300,5499352
2023-03-02,119.6700,123.2600,119.3600,122.3800,4089401
2023-03-01,122.3750,123.3000,120.3901,120.8300,4645027
2023-02-28,125.1100,126.3843,123.0300,123.2800,7317099
2023-02-27,123.9500,125.0600,122.7300,123.5300,5011368
2023-02-24,123.0400,124.8499,120.1914,122.7800,5119777
2023-02-23,128.2100,128.8500,121.9200,125.5200,7013484
2023-02-22,128.1400,128.8800,124.5500,127.2100,5758987
2023-02-21,129.7700,132.8500,128.1450,128.7800,6618673
2023-02-17,137.4350,138.4000,130.7300,131.6000,11386744
2023-02-16,135.6500,144.6300,134.7300,139.4200,18705822
2023-02-15,130.0000,138.7499,129.8500,137.0100,32502208
2023-02-14,116.2900,121.3200,115.2000,120.8700,17145033
2023-02-13,110.0000,116.9000,109.8100,116.4200,7657239
2023-02-10,112.2500,113.3600,106.5383,108.8700,6463548
2023-02-09,118.0000,119.2800,114.5200,114.9400,4508691
2023-02-08,119.3900,119.8100,115.5700,116.3600,3605405
2023-02-07,117.9100,120.2100,115.1379,119.6900,4397729
2023-02-06,117.4100,119.3335,116.8100,118.3500,3204147
2023-02-03,116.0400,121.4000,115.8500,118.7000,6130725
2023-02-02,116.2500,119.8500,116.2400,118.5200,7166921
2023-02-01,111.1100,114.8900,109.8300,113.9900,4053605
2023-01-31,109.4800,111.2300,108.8200,111.1100,3867201
2023-01-30,114.1300,115.0800,109.2750,109.4800,5469927
2023-01-27,108.8600,117.1200,108.7345,115.9400,9548495
2023-01-26,106.3000,109.4900,105.6750,109.4200,5196610
2023-01-25,100.3600,104.6750,99.8410,104.4400,5169257
2023-01-24,104.7000,106.3899,103.8200,104.1300,3514662
2023-01-23,101.9900,105.3800,101.3500,105.2200,4442688
2023-01-20,99.0100,101.3700,98.1107,101.2800,5104017
2023-01-19,99.8400,100.5200,97.5700,99.1000,4996747
2023-01-18,101.4100,103.8001,100.3200,101.1100,6062224
2023-01-17,99.9150,102.7350,99.1000,101.2700,5496249
2023-01-13,97.5000,100.6999,97.4200,100.3700,6528993
2023-01-12,95.3100,98.9500,94.0200,98.4900,7695221
2023-01-11,89.0000,94.8300,88.8640,94.4400,7718901
2023-01-10,88.8600,89.6200,86.7500,88.5400,4165610
2023-01-09,90.2550,92.0500,88.8800,89.2400,4319380
2023-01-06,88.5200,88.7400,85.7100,88.5200,4348374
2023-01-05,88.4800,88.5000,86.7500,87.7100,3419036
2023-01-04,85.8900,88.8400,84.7900,88.7200,4817088
2023-01-03,87.3850,88.1400,84.3000,84.9000,3901185
2022-12-30,83.6100,86.0600,83.6001,85.5000,3372534
2022-12-29,82.9700,85.5600,82.2900,85.2300,4031346
2022-12-28,83.2500,84.2500,81.9100,82.4900,4931745
2022-12-27,84.7800,84.9300,82.8300,83.4900,3982410
2022-12-23,84.7000,85.5100,83.5000,85.2500,3057684
2022-12-22,85.5400,86.0900,82.5800,84.8700,5643102
2022-12-21,87.4900,88.7900,86.5900,87.0700,5594786
2022-12-20,86.7100,90.8600,86.5200,87.6200,7325782
2022-12-19,89.5100,89.7600,85.4000,85.9300,4717138
2022-12-16,89.8600,91.2900,88.5600,89.5700,6830248
2022-12-15,91.5200,92.7100,89.5200,90.6100,5331958
2022-12-14,93.5400,95.2600,91.2100,93.9300,6737816
2022-12-13,100.3700,100.6500,93.1200,93.3400,7378926
2022-12-12,93.7600,95.9600,93.4900,95.5800,4664128
2022-12-09,93.8400,96.6678,93.2400,94.7000,4405805
2022-12-08,92.9700,95.6100,91.7500,94.8300,6115721
2022-12-07,88.8050,91.6700,86.8800,91.5000,12640481
2022-12-06,98.2500,98.5000,91.9000,93.1200,8380946
2022-12-05,100.0000,101.1700,98.0400,98.5100,3601549
2022-12-02,99.2500,101.7400,98.9700,101.0000,4128629
2022-12-01,101.4900,102.7600,99.5500,101.2700,5040308
2022-11-30,95.8600,102.2500,95.7200,102.1400,8387537
2022-11-29,96.1000,97.2600,95.3000,95.3800,3694023
2022-11-28,97.0000,98.3200,94.8100,95.3000,5136713
2022-11-25,96.9700,98.8299,96.7600,97.6700,2245116
2022-11-23,95.5600,97.0500,94.3404,96.6300,4337602
2022-11-22,93.5300,95.3700,92.9800,95.2800,5951592
2022-11-21,97.0100,97.8500,93.9200,95.7100,5145740
2022-11-18,100.8400,100.8400,96.6000,97.7700,5913126
2022-11-17,101.8300,101.9800,98.8500,99.3000,5181201
2022-11-16,107.7000,107.7000,104.3800,104.4300,3681831
2022-11-15,109.2700,111.2350,106.6000,107.0100,5357427
2022-11-14,107.7400,108.6900,105.0400,105.1600,4951447
2022-11-11,103.4500,109.7700,102.1600,109.5700,6864381
2022-11-10,100.9100,102.5000,99.0400,102.4000,7343018
2022-11-09,97.7500,99.0899,95.1500,95.7900,4650860
2022-11-08,95.5300,101.9193,94.2700,98.9000,7829381
2022-11-07,96.7600,97.2500,93.2800,95.4600,7972690
2022-11-04,94.9950,96.1600,92.0100,96.0900,9717396
2022-11-03,94.0800,95.3100,91.2723,92.0200,10099295
2022-11-02,102.6450,104.9799,94.2500,94.4100,29191366
2022-11-01,110.9650,113.1000,108.0000,109.0500,15979816
2022-10-31,113.0600,113.8000,106.6700,106.9100,10733821
2022-10-28,111.1900,115.2500,110.3900,115.2100,4757271
2022-10-27,116.0500,116.3700,111.9250,112.0600,4593997
2022-10-26,117.0000,119.9100,114.9700,115.3100,4268449
2022-10-25,115.3700,119.3800,112.6300,118.4500,6278920
2022-10-24,118.3300,119.0700,112.8237,116.3900,4452813
2022-10-21,116.7600,120.3400,114.6401,119.9500,4146060
2022-10-20,116.3500,120.5600,116.0000,117.0000,3962235
2022-10-19,116.2350,118.8400,115.3000,116.8700,3408865
2022-10-18,120.0300,120.7100,115.7000,117.9400,5580013
2022-10-17,112.3300,116.7600,111.0300,116.5000,5423881
2022-10-14,115.0000,116.4480,109.0100,109.1600,5001698
2022-10-13,107.3000,113.1300,105.3000,112.6500,6172480
2022-10-12,107.4700,112.9800,106.1100,112.3500,5547542
2022-10-11,110.9880,111.0000,103.5950,106.8200,5696693
2022-10-10,108.5500,111.6200,107.4100,110.9900,3945173
2022-10-07,108.8700,109.5321,107.1000,108.5400,3352741
2022-10-06,112.0000,114.4100,110.2000,111.5800,3446542
2022-10-05,110.5200,112.3400,107.8400,111.7600,4008655
2022-10-04,109.1400,111.6100,108.6800,110.8100,4834992
2022-10-03,105.4900,106.3500,102.1800,105.0000,6208938
2022-09-30,104.7600,109.0800,104.7300,105.0400,4750577
2022-09-29,109.1900,109.4750,105.1700,106.6600,4264336
2022-09-28,106.7010,111.1300,105.7800,110.6900,4518240
2022-09-27,106.0400,108.1700,104.1400,106.3700,5081006
2022-09-26,101.7800,105.3600,101.5600,103.2300,5278759
2022-09-23,102.2000,103.1800,99.7100,101.7500,6245555
2022-09-22,112.6700,113.7200,103.2600,103.7200,8381930
2022-09-21,116.3700,119.3300,112.3600,114.0100,6898713
2022-09-20,117.9300,121.6600,116.6200,116.7100,5610900
2022-09-19,116.8700,119.7800,116.4700,118.7800,4715382
2022-09-16,121.1100,122.2600,117.5900,118.7500,13704405
2022-09-15,125.2900,129.3800,124.2800,125.0400,6606137
2022-09-14,121.6300,127.0000,119.5100,126.8000,5690127
2022-09-13,119.7000,123.8600,119.0500,121.5400,7126468
2022-09-12,124.2500,127.2400,123.7850,124.7900,6993308
2022-09-09,120.0182,123.7100,119.9000,123.4800,5418591
2022-09-08,114.0000,119.3471,114.0000,118.5800,4063966
2022-09-07,112.8500,116.4400,112.7100,116.0700,4619318
2022-09-06,114.0900,114.5200,110.5000,113.7000,4062131
2022-09-02,114.3200,116.4600,112.3300,113.6400,4121736
2022-09-01,111.1000,114.0800,108.1700,113.4000,5661493
2022-08-31,113.4900,115.5800,112.4000,113.1200,6191562
2022-08-30,114.5000,116.0200,110.4400,112.5600,4507191
2022-08-29,111.7700,115.8000,111.5300,113.5400,4613351
2022-08-26,117.0600,118.2700,112.7800,112.8200,3778708
2022-08-25,115.8900,117.9500,115.4200,117.0300,4021587
2022-08-24,110.9300,115.5700,110.8400,114.5100,3633950
2022-08-23,112.4100,114.0200,111.4100,111.6000,5447183
2022-08-22,110.3600,114.2281,109.9700,111.3900,6057435
2022-08-19,118.1845,119.2199,114.1000,114.7600,5288830
2022-08-18,121.5000,122.2000,120.2800,121.2700,3373946
2022-08-17,121.6300,123.2700,120.6400,121.8700,4336182
2022-08-16,124.2300,125.4200,122.6200,124.1800,4371514
2022-08-15,123.5500,126.4345,123.2000,126.0400,4884711
2022-08-12,122.8000,125.0000,121.1200,124.5100,5012478
2022-08-11,121.3000,127.0900,120.9600,121.5000,8110104
2022-08-10,119.3300,120.3400,116.3000,118.7300,5529014
2022-08-09,115.0000,115.6700,112.8000,114.4400,4201213
2022-08-08,118.1550,119.6400,115.4300,115.8200,5382935
2022-08-05,115.5200,118.8699,114.8200,117.1100,6494951
2022-08-04,114.3100,119.2400,114.2550,119.2200,9180317
2022-08-03,108.2250,115.5700,107.6500,115.0200,23354938
2022-08-02,111.6700,117.7800,111.1000,116.3400,15208217
2022-08-01,110.0000,113.9600,107.4800,111.2000,6019506
2022-07-29,108.1950,111.1600,107.1100,110.9800,4637779
2022-07-28,108.1700,110.0600,104.6800,108.8400,4471883
2022-07-27,105.7900,107.9850,104.0600,107.3600,5362726
2022-07-26,102.3800,103.6300,101.1000,101.9100,4190993
2022-07-25,103.7800,105.2600,101.4794,104.9500,3142931
2022-07-22,108.3100,110.1000,102.9300,103.9700,4243932
2022-07-21,106.9800,108.5000,104.4100,108.1400,4284851
2022-07-20,103.1100,108.9200,102.7500,107.7300,6834133
2022-07-19,99.7000,102.7100,98.7600,102.2000,5603808
2022-07-18,96.7800,101.8800,95.9800,97.6700,7171484
2022-07-15,92.5500,95.6500,90.6600,94.6600,7497187
2022-07-14,94.2800,94.5800,90.1700,91.0500,8334633
2022-07-13,93.7500,96.5894,91.6100,95.6400,6967800
2022-07-12,95.3000,97.6861,93.3200,96.5500,4170185
2022-07-11,96.0000,97.0900,93.2700,95.1000,6043682
2022-07-08,96.2300,98.1200,93.2417,97.3500,5669474
2022-07-07,93.6600,97.5500,92.1600,97.5000,7480538
2022-07-06,95.2900,96.1699,91.8000,92.8800,5702961
2022-07-05,88.8800,96.0100,86.7500,95.9400,7653996
2022-07-01,89.0900,91.4600,87.4300,91.4100,5995434
2022-06-30,92.4900,92.9100,86.7100,89.0800,9007783
2022-06-29,96.8300,97.0000,92.0500,93.9300,6522572
2022-06-28,103.3400,105.4500,97.0900,97.5300,7747662
2022-06-27,103.9600,104.1700,99.3300,101.5000,7352143
2022-06-24,97.5200,104.1800,96.3300,103.5100,28797396
2022-06-23,100.0000,100.8000,93.0200,95.7200,12340821
2022-06-22,99.0000,102.5000,98.7200,99.5300,8986027
2022-06-21,102.6900,104.8888,101.6200,102.2700,6532713
2022-06-17,93.5300,100.6100,93.5300,99.4900,11293112
2022-06-16,96.1900,97.5000,92.0900,93.2600,9435656
2022-06-15,100.0200,103.6499,98.9200,101.4700,6260439
2022-06-14,99.5400,101.3500,97.2006,98.8700,5915344
2022-06-13,102.8500,105.3300,98.3600,98.9300,9587311
2022-06-10,111.8000,115.1300,108.3200,108.9100,6941056
2022-06-09,122.3100,122.9800,115.4200,115.7200,5315873
2022-06-08,121.4300,125.5100,121.2300,123.7700,3775619
2022-06-07,119.7600,123.9117,119.1200,122.9000,3331236
2022-06-06,123.3300,124.1800,119.9200,122.0200,4160239
2022-06-03,118.0710,121.5000,117.5600,119.8300,4584611
2022-06-02,117.1300,123.0000,116.2700,121.2600,5177244
2022-06-01,121.0500,121.0738,114.3950,116.7200,6879606
2022-05-31,120.5000,122.2994,117.1600,120.8700,9117555
2022-05-27,116.0000,120.7000,115.7700,120.5000,7391500
2022-05-26,109.7400,115.5500,108.1100,114.3000,6883200
2022-05-25,105.8900,111.9400,104.9700,110.4000,6203324
2022-05-24,111.2800,111.4200,103.7406,106.2400,6415752
2022-05-23,113.5450,115.1500,110.9301,113.2800,6000751
2022-05-20,115.4600,116.2500,108.5000,112.5500,6961860
2022-05-19,108.1800,116.3499,107.4501,114.1700,8926616
2022-05-18,116.1100,117.0400,107.6200,108.0300,9718744
2022-05-17,119.9700,120.1800,114.5100,117.5000,6962904
2022-05-16,121.0000,121.0700,113.2500,114.4400,7588370
2022-05-13,119.9600,123.2900,118.8200,121.4500,8595379
2022-05-12,113.6600,120.4900,111.2200,115.9400,9264303
2022-05-11,114.5300,123.7700,112.3669,116.1500,13661360
2022-05-10,122.9500,123.4600,113.5300,116.1300,13638465
2022-05-09,131.7600,131.8850,118.8300,119.3700,14430889
2022-05-06,142.7000,143.1100,133.0400,135.8400,9573058
2022-05-05,152.1900,153.8800,140.8581,143.0900,11367225
2022-05-04,152.5500,158.7400,145.8718,156.1800,20484060
2022-05-03,154.0900,154.4900,141.5800,145.0000,16774660
2022-05-02,153.2100,155.1300,147.2109,152.7800,5945287
2022-04-29,158.8800,163.2400,153.0000,153.2100,4033057
2022-04-28,154.0100,161.2550,153.6600,159.7400,4854490
2022-04-27,153.8200,157.3000,150.4400,152.2300,4825954
2022-04-26,158.4000,159.2000,152.8000,153.0400,3998682
2022-04-25,154.3300,159.7900,152.1000,158.3900,3868115
2022-04-22,157.8400,161.6700,154.7800,156.0900,3863419
2022-04-21,168.9800,170.9300,156.6800,157.9100,4714572
2022-04-20,172.6100,172.6100,164.3100,164.5500,3967925
2022-04-19,165.7400,170.8196,165.7100,170.1200,2857124
2022-04-18,169.2700,170.1200,164.3500,165.7400,3339887
2022-04-14,171.6600,174.6400,170.2954,170.7000,5125142
2022-04-13,160.8400,172.9600,160.6500,171.8500,7211893
2022-04-12,163.7000,166.1100,157.2800,160.1100,4113036
2022-04-11,159.8400,163.5700,157.4100,160.2500,3877215
2022-04-08,162.5200,164.9000,159.3500,162.5600,3448377
2022-04-07,163.1900,167.8600,161.7100,165.9100,4146557
2022-04-06,167.0500,168.7700,161.5800,164.6600,4287691
2022-04-05,177.1900,179.0900,170.1200,171.2100,3918198
2022-04-04,175.0200,177.0200,172.5850,177.0200,3500522
2022-04-01,173.0600,177.9400,172.2300,173.0700,3644935
2022-03-31,173.5400,176.1499,171.1638,171.7600,3232222
2022-03-30,173.1310,176.8200,172.0200,173.6300,3707406
2022-03-29,172.1100,178.8800,171.8100,175.5200,5452762
2022-03-28,167.2200,168.7190,162.4300,167.6500,3829793
2022-03-25,169.9400,170.6100,164.1343,167.2200,2952272
2022-03-24,164.8100,171.0000,162.6680,170.8300,4223466
2022-03-23,163.6400,166.8900,162.8800,164.1600,2814305
2022-03-22,163.6100,168.1750,162.0000,166.4400,4038323
2022-03-21,164.5700,165.9500,159.0000,161.8000,4572974
2022-03-18,156.0700,167.1800,155.7000,167.0000,8372528
2022-03-17,153.7900,157.6000,151.0500,157.5500,5031682
2022-03-16,148.1450,156.9800,146.3100,155.7500,7105370
2022-03-15,140.0000,144.7300,138.3200,143.9500,5488743
2022-03-14,143.4100,144.6700,136.0400,138.5000,6330206
2022-03-11,154.1300,155.0000,145.0000,145.1400,4577255
2022-03-10,145.2200,152.8900,144.4092,151.8000,5302511
2022-03-09,145.4300,150.9900,145.3300,148.3100,7023908
2022-03-08,131.6300,144.4700,131.5000,142.1300,9586994
2022-03-07,145.0000,145.2700,131.5200,131.5900,9177270
2022-03-04,150.7700,151.8899,140.4600,142.7000,8397063
2022-03-03,158.3300,159.2200,150.9900,151.6900,4045757
2022-03-02,152.4800,158.0800,151.8900,157.5300,5028250
2022-03-01,150.5300,154.2200,149.9500,151.0100,5165768
2022-02-28,155.0250,155.0964,148.3000,151.4900,11078496
2022-02-25,159.2600,159.4500,152.9100,155.0900,6173207
2022-02-24,141.3000,158.9600,141.1795,158.2600,10354648
2022-02-23,165.9300,166.6550,149.8500,150.0400,9778477
2022-02-22,172.1300,176.3800,161.3200,165.2400,8340754
2022-02-18,180.2600,182.6600,173.6200,174.9000,8848753
2022-02-17,184.9000,188.9800,181.5400,183.6000,7779201
2022-02-16,178.2950,191.7300,178.0000,186.6400,22252851
2022-02-15,172.9200,180.6322,172.7500,180.0700,11733939
2022-02-14,166.6300,171.8000,165.0300,169.6600,4847552
2022-02-11,175.3087,176.7400,164.8300,166.5300,6464397
2022-02-10,165.2450,177.0600,165.2450,171.9500,8261379
2022-02-09,165.3700,170.0700,165.0800,169.5300,4868311
2022-02-08,154.0000,163.0791,153.4400,162.2600,4309070
2022-02-07,156.7900,160.8800,155.9500,157.9100,4690668
2022-02-04,150.1400,157.2400,150.0000,155.5600,4687701
2022-02-03,147.9700,152.1800,146.6800,149.5700,4577057
2022-02-02,156.3129,156.5100,150.7124,151.7600,3678315
2022-02-01,155.3500,157.3900,152.5000,156.9400,3799303
2022-01-31,144.8028,153.9700,143.8100,153.9700,5463016
2022-01-28,138.5450,143.1100,134.3743,142.7700,5604415
2022-01-27,143.4800,145.5479,137.9200,138.4100,4493776
2022-01-26,149.2850,152.4000,140.0407,142.1400,6990314
2022-01-25,143.9000,147.3800,140.1300,144.5600,5704888
2022-01-24,150.0000,151.1600,135.7600,147.9000,14627354
2022-01-21,156.8150,160.2000,152.4100,156.7300,7242250
2022-01-20,157.8084,165.2000,157.3500,158.0000,4941879
2022-01-19,157.0000,160.2300,154.4400,154.5800,5078626
2022-01-18,156.9100,160.7900,153.8700,154.6900,5768963
2022-01-14,165.7500,167.6300,160.2400,163.9900,4144039
2022-01-13,170.2331,171.9900,165.7650,166.0000,4893757
2022-01-12,170.2400,171.0400,165.1100,169.5400,3534275
2022-01-11,160.7100,169.3900,159.0776,168.6100,5321334
2022-01-10,159.7601,161.7000,152.1000,160.7100,6973588
2022-01-07,159.1800,166.8800,158.4550,166.0500,5624579
2022-01-06,160.2900,163.7300,156.3400,159.7500,5049594
2022-01-05,169.8828,175.1070,162.2400,162.2500,4804571
2022-01-04,174.1537,175.9000,167.2000,170.8000,4079976
2022-01-03,165.2966,172.8400,165.2200,172.6800,4241965
2021-12-31,168.7800,170.8700,166.0800,166.4900,2591090
2021-12-30,167.0600,170.8500,165.7100,168.7800,2181120
2021-12-29,169.5200,170.4799,165.0200,167.4400,1995405
2021-12-28,171.3200,172.7300,167.7300,169.7100,2297204
2021-12-27,169.8064,172.4300,168.7800,171.6800,2726288
2021-12-23,170.5000,171.9900,166.8900,171.3100,4017435
2021-12-22,165.6800,170.6800,162.8000,169.2900,4802483
2021-12-21,159.5000,167.2750,158.3700,165.6600,6293459
2021-12-20,151.1600,158.4800,151.0000,157.2300,4639263
2021-12-17,154.6200,158.3100,149.4400,157.9100,24062440
2021-12-16,166.2500,167.7300,153.6000,156.3800,9415120
2021-12-15,167.6401,168.9599,160.1800,168.1400,6678543
2021-12-14,168.2980,169.9100,164.5000,167.9600,5660417
2021-12-13,178.2500,180.0000,168.8900,171.0400,7263664
2021-12-10,178.1500,181.1000,175.8535,180.4200,3980441
2021-12-09,182.0900,185.3020,179.2800,181.4600,3518025
2021-12-08,186.0000,187.5000,182.1400,186.4900,4218671
2021-12-07,185.6100,187.5000,182.0200,183.1400,6264558
2021-12-06,167.2750,181.9300,162.8500,180.8500,9813848
2021-12-03,168.9800,170.7300,162.1400,166.7500,6460855
2021-12-02,161.3600,170.2950,160.4900,169.6000,5687601
2021-12-01,174.0100,180.1300,162.0300,163.0800,7657589
2021-11-30,176.4050,180.6400,170.9210,172.5400,10682739
2021-11-29,176.8800,180.7000,175.9000,180.0800,5317368
2021-11-26,167.7600,174.6400,167.0400,173.8600,6044126
2021-11-24,175.6300,182.7800,175.0000,179.8900,4763328
2021-11-23,181.1433,183.7300,175.2500,178.2700,6456729
2021-11-22,190.4400,190.7600,176.7200,181.7300,12626362
2021-11-19,196.6000,199.3600,190.5000,196.4200,8185488
2021-11-18,199.3400,205.0000,196.0000,204.3300,4601086
2021-11-17,207.0000,212.5838,198.4000,199.1100,6383375
2021-11-16,205.5900,209.9300,203.4700,207.0400,4431316
2021-11-15,206.2000,209.2400,204.1600,207.2100,7479309
2021-11-12,192.4650,208.1600,192.0600,206.5400,12036965
2021-11-11,195.2000,197.9300,190.7700,191.6100,5899031
2021-11-10,190.2300,195.0000,189.2800,192.2200,6704083
2021-11-09,201.4400,201.5000,187.5000,194.6800,8946266
2021-11-08,203.3500,211.3361,199.7500,200.3200,12855319
2021-11-05,186.1500,203.2950,185.9441,201.6200,27330521
2021-11-04,175.9500,179.4350,173.9600,178.4500,9664613
2021-11-03,171.8900,173.7500,170.9300,172.8700,2827068
2021-11-02,174.9500,175.3000,170.5800,172.8700,3278277
2021-11-01,170.5000,175.4400,170.5000,174.6000,4374990
2021-10-29,171.3900,171.3900,168.8486,170.6600,2294417
2021-10-28,170.2000,171.8500,168.7100,171.7000,2143659
2021-10-27,170.7400,172.6500,168.8800,169.1000,3009842
2021-10-26,170.4000,172.0003,167.9000,171.1400,2937893
2021-10-25,166.6900,170.3289,166.6500,169.2400,2620794
2021-10-22,169.3000,169.4400,165.1600,166.6400,2985991
2021-10-21,169.0740,171.5300,167.7000,170.5000,2889355
2021-10-20,170.0600,171.9400,168.2000,169.7600,2687022
2021-10-19,172.5700,172.8100,170.0600,170.7400,2776646
2021-10-18,167.5000,172.7000,167.1100,172.3200,2793704
2021-10-15,171.9000,172.9500,168.5800,169.1800,3592734
2021-10-14,175.2400,176.7500,170.0400,170.5000,4145257
2021-10-13,173.0000,175.1900,171.8000,173.5800,3523610
2021-10-12,172.6944,175.9000,171.2300,172.7500,6028098
2021-10-11,170.0000,171.5402,166.6300,166.6700,2046310
2021-10-08,170.1000,174.0999,169.4800,169.9700,2265114
2021-10-07,170.0000,171.2700,168.6000,169.6000,2119612
2021-10-06,161.3900,167.3200,160.6300,167.2500,2461482
2021-10-05,165.6700,166.5900,162.4300,164.7400,4340100
2021-10-04,171.9900,172.2600,164.0300,164.5000,4459382
2021-10-01,170.3100,173.2000,168.5500,173.0100,4963044
2021-09-30,168.1000,169.5000,165.7100,167.7500,2663690
2021-09-29,170.1000,171.2207,166.5504,168.0700,2788740
2021-09-28,172.5155,173.5600,166.9000,168.5800,4362803
2021-09-27,175.0000,176.3190,172.0200,174.2600,3551430
2021-09-24,174.5300,176.9600,173.6100,175.8800,4084868
2021-09-23,171.5500,176.0000,170.5001,175.1300,5370786
2021-09-22,170.0293,171.8100,167.3713,169.9600,4353595
2021-09-21,164.0000,170.0100,162.9600,169.2900,8592501
2021-09-20,162.2400,166.5400,159.4450,161.6400,6846832
2021-09-17,169.3000,170.0000,163.6100,166.5900,20024675
2021-09-16,165.2600,169.4500,165.0400,168.1500,6094825
2021-09-15,162.3200,166.6300,160.4900,166.3700,5656017
2021-09-14,160.6600,164.7000,159.4100,163.3000,4655503
2021-09-13,160.2500,162.9900,154.7900,160.3200,7520949
2021-09-10,166.9500,168.2356,165.0100,165.2000,3985251
2021-09-09,163.0000,166.9700,160.8300,166.0000,5935754
2021-09-08,163.2300,166.5500,161.6000,163.9300,5866501
2021-09-07,159.7200,165.7350,159.5500,165.0000,11017034
2021-09-03,158.0500,160.6400,157.2000,158.0000,4460935
2021-09-02,156.5000,159.4601,156.5000,157.2000,3302257
2021-09-01,154.8400,158.6400,154.2900,156.5900,4324746
2021-08-31,155.9400,158.1500,153.5800,154.9900,7403951
2021-08-30,154.4100,157.4900,151.9200,156.0200,3968745
2021-08-27,152.2510,156.4400,151.4500,154.1800,4818820
2021-08-26,159.3400,159.4999,151.4500,152.7300,7242951
2021-08-25,158.7640,163.0587,158.0000,160.3500,7267704
2021-08-24,147.0000,161.9800,146.5000,161.4200,22096778
2021-08-23,144.9000,147.6299,144.1500,146.7900,4727431
2021-08-20,142.0000,143.9490,141.5000,143.7000,2996182
2021-08-19,143.7907,145.2800,141.9200,142.6500,4732393
2021-08-18,144.0200,148.6800,141.7000,146.7400,5190073
2021-08-17,145.0000,148.2000,143.5800,143.9000,7855110
2021-08-16,151.9900,152.0300,144.9000,148.5700,7720442
2021-08-13,146.6600,152.7600,144.5100,152.7600,16648021
2021-08-12,148.8600,151.6800,146.5500,151.1500,8925109
2021-08-11,147.5400,149.2796,145.1576,148.1600,6717728
2021-08-10,149.3650,150.7600,147.8500,147.9500,5149830
2021-08-09,148.7400,151.0000,148.7000,149.4400,5541924
2021-08-06,148.9900,150.1900,147.5500,149.9900,4043474
2021-08-05,146.6700,150.4100,146.3993,150.3200,4737513
2021-08-04,145.1000,147.4600,145.0100,147.4000,4631430
2021-08-03,147.7284,147.7900,143.2801,145.6500,5491010
2021-08-02,143.8500,146.2700,143.4000,145.4900,4522437
2021-07-30,141.7500,144.6900,141.7400,144.0100,4167130
2021-07-29,143.6464,145.0000,141.7100,143.4700,4969865
2021-07-28,141.3100,143.7300,141.0300,143.3000,4466785
2021-07-27,141.2550,142.5200,138.3100,141.5800,5113147
2021-07-26,139.1300,142.1900,137.2000,142.0000,6489516
2021-07-23,139.8000,140.0000,137.4100,138.7300,2811110
2021-07-22,141.2898,141.2898,137.6600,139.4700,4628360
2021-07-21,136.7100,140.1500,135.7250,139.2500,5269631
2021-07-20,132.7500,137.4350,131.7000,136.0900,6274608
2021-07-19,131.3600,133.7700,130.3100,131.8800,7215671
2021-07-16,139.6900,139.7899,133.5100,134.3100,6094631
2021-07-15,139.1800,140.5200,136.5400,137.5000,6576068
2021-07-14,143.8600,144.2000,139.0400,139.0900,8545476
2021-07-13,147.6950,147.6950,143.0000,143.4100,5871457
2021-07-12,148.9900,150.4200,146.0100,146.6900,3276273
2021-07-09,143.3000,150.2600,143.3000,149.6400,7065139
2021-07-08,140.4300,143.7300,139.5300,142.5300,4827157
2021-07-07,148.1500,148.9400,143.6000,143.7200,5650921
2021-07-06,150.0800,152.8000,147.8101,148.3700,5069422
2021-07-02,153.3100,154.9500,149.5600,150.2300,4844712
2021-07-01,154.5000,157.4100,151.4100,153.0800,9793859
2021-06-30,145.5450,154.0900,144.2450,153.1400,9798633
2021-06-29,149.7500,149.9400,145.7700,146.0800,7478999
2021-06-28,148.6150,150.9300,147.0800,149.9400,6450955
2021-06-25,151.2300,153.1700,149.2800,149.6700,6452449
2021-06-24,152.6700,153.6272,149.8600,150.7300,8173384
2021-06-23,149.7600,154.5900,147.8000,151.5800,9335718
2021-06-22,149.7500,151.6468,148.4000,149.6800,5790390
2021-06-21,152.5200,152.6100,145.8300,149.7000,8040208
2021-06-18,150.3800,154.8000,149.4000,152.5200,11628917
2021-06-17,148.9900,152.2900,148.6116,150.7000,8171295
2021-06-16,150.9500,152.3500,146.9200,149.1500,9603920
2021-06-15,149.2000,153.7400,148.8400,151.7800,12007681
2021-06-14,149.2500,149.6000,146.8500,149.2100,6107480
2021-06-11,145.8700,148.9500,145.2001,148.4400,4819914
2021-06-10,142.1500,147.4500,141.0400,146.1200,9482482
2021-06-09,148.5700,149.3600,144.4600,144.8500,5606457
2021-06-08,150.6000,150.7500,145.8000,147.0100,7125810
2021-06-07,150.9600,150.9600,146.4000,148.9700,7780222
2021-06-04,145.8300,151.5700,145.0000,150.7300,8534867
2021-06-03,149.5500,151.1200,143.8000,144.1900,11083344
2021-06-02,145.3500,152.7000,144.4000,151.0000,16245118
2021-06-01,143.8900,146.0889,141.5900,144.3100,16552092
2021-05-28,144.7600,145.0000,140.2500,140.4000,12000561
2021-05-27,135.0700,143.8200,134.5000,143.1700,21270189
2021-05-26,134.9400,135.7600,133.7208,134.7500,8179216
2021-05-25,137.4000,137.8500,133.5600,133.9900,10435842
2021-05-24,135.5000,137.9800,134.3900,135.9100,8543614
2021-05-21,136.5500,137.1700,132.8800,134.7100,10056483
2021-05-20,138.8386,138.8900,135.6500,136.2000,8903573
2021-05-19,129.9500,138.3800,129.7100,138.1900,15565537
2021-05-18,134.0000,138.4000,131.4900,135.0200,18555649
2021-05-17,137.1562,137.7900,130.2532,132.5000,39755015
2021-05-14,137.6800,142.2500,131.6700,141.2000,20325381
2021-05-13,142.2500,142.3286,131.2800,135.7500,13005365
2021-05-12,140.9000,144.7700,138.7500,140.2500,5307514
2021-05-11,139.1000,144.3500,136.0100,142.7300,8257386
2021-05-10,150.2839,150.5000,144.5200,146.7300,5827152
2021-05-07,156.5000,157.0543,148.7800,151.2100,7133990
2021-05-06,161.9100,162.1050,150.7000,153.6400,8528976
2021-05-05,169.3000,170.1800,162.1200,162.3300,3590067
2021-05-04,167.0154,169.0400,161.9600,168.9000,4658011
2021-05-03,173.1900,173.4400,167.8000,168.1100,3149738
2021-04-30,173.0035,176.4500,172.0100,172.7100,3579957
2021-04-29,182.7500,183.2200,173.3500,177.6800,3116021
2021-04-28,174.4371,181.6700,173.3510,180.0000,2409708
2021-04-27,176.1653,179.6100,174.8000,177.9400,2882972
2021-04-26,175.2100,176.0305,171.0700,174.8800,2549403
2021-04-23,172.9192,178.2500,172.0000,174.2500,3335128
2021-04-22,168.4900,176.9200,168.4300,170.7100,3856499
2021-04-21,168.0900,170.3200,164.1200,167.0700,3878608
2021-04-20,173.1838,175.0000,165.5200,169.5700,4574999
2021-04-19,177.3200,178.7200,171.5000,174.5800,3125736
2021-04-16,176.0119,179.5100,172.9400,178.6900,3058294
2021-04-15,177.0000,178.2400,174.2500,175.3500,2894865
2021-04-14,179.5000,181.4665,175.3100,176.4300,2938566
2021-04-13,175.2650,178.6100,172.1400,177.9500,3573584
2021-04-12,179.6800,181.4900,176.2500,176.4900,2619833
2021-04-09,179.6200,182.4600,177.2500,179.5000,2910167
2021-04-08,181.6479,183.9000,179.3000,180.1800,2625274
2021-04-07,189.3800,190.6200,179.4700,179.9400,6663462
2021-04-06,188.7000,194.4800,187.5200,190.0300,3565634
2021-04-05,191.6600,192.1000,185.8100,186.6900,2591425
2021-04-01,192.5000,193.9900,185.3700,188.2400,2921447
2021-03-31,185.4300,192.2750,185.1301,187.9400,3079510
2021-03-30,182.3500,185.2300,178.3800,183.1000,2903262
2021-03-29,175.3600,185.4600,173.5000,182.5000,4508821
2021-03-26,178.4161,181.0000,168.0000,174.4000,3562912
2021-03-25,173.1000,179.5400,170.5000,176.1600,5264100
2021-03-24,189.0000,189.7800,178.5100,178.8500,3756097
2021-03-23,195.5000,196.7496,185.7401,187.1400,3460590
2021-03-22,196.8500,203.3000,194.7100,195.0000,3740448
2021-03-19,193.0100,196.4900,187.8100,194.3900,4444583
2021-03-18,196.8000,199.8999,190.6800,191.4500,3729507
2021-03-17,195.6300,203.4600,194.4400,201.3600,3781866
2021-03-16,209.1100,215.4900,198.1800,200.0100,4605572
2021-03-15,209.5384,213.7399,203.8101,209.9900,4337470
2021-03-12,196.2700,208.7000,192.2000,206.7400,5556463
2021-03-11,189.9000,201.0000,188.5000,197.8700,6031244
2021-03-10,184.5700,191.0000,181.5500,183.7900,6145645
2021-03-09,184.9900,189.4600,180.7200,183.1100,6079925
2021-03-08,179.9924,186.4000,177.0301,180.8100,4988473
2021-03-05,182.5200,183.5000,161.9000,179.8100,8788544
2021-03-04,178.6400,183.8999,170.8700,180.2300,9993671
2021-03-03,186.9700,188.4800,178.8001,180.4000,10592934
2021-03-02,195.6300,200.0000,188.5000,189.9000,9144947
2021-03-01,195.8200,199.6900,192.6200,196.4200,15798527
2021-02-26,194.1800,214.1000,185.7500,206.3500,19198441
2021-02-25,197.4100,199.8000,180.0000,182.0600,11269246
2021-02-24,190.9800,208.1450,189.0000,200.2000,5983538
2021-02-23,189.0000,191.6700,175.0000,187.5900,5902404
2021-02-22,200.7000,205.0000,193.5000,195.3400,3653945
2021-02-19,203.9500,205.5500,200.1800,201.0700,2605751
2021-02-18,199.0100,200.3600,192.1700,198.0400,2791419
2021-02-17,207.0500,208.7650,196.0200,201.9600,3969207
2021-02-16,216.2400,218.7800,209.0900,209.8600,3487929
2021-02-12,214.4578,216.9400,209.0000,212.6800,3041744
2021-02-11,213.5000,219.9400,207.0000,216.8400,3595183
2021-02-10,205.4800,214.7163,202.0970,211.6600,5198126
2021-02-09,199.2033,209.2200,196.1600,199.8800,4594786
2021-02-08,199.9300,201.9600,191.5001,200.4300,3492593
2021-02-05,197.0000,197.2500,190.2501,195.3100,2869659
2021-02-04,187.0700,195.9900,186.1900,195.8000,3637039
2021-02-03,181.9800,190.9000,180.0000,185.7200,4168965
2021-02-02,183.2200,186.4794,177.1100,179.1700,4123554
2021-02-01,187.4803,188.8200,179.7400,180.4400,3877389
2021-01-29,190.7100,193.4999,179.3100,183.6300,4529815
2021-01-28,202.6000,212.8400,187.0500,187.3700,7077661
2021-01-27,187.6400,216.0000,185.5000,201.2500,11019787
2021-01-26,180.0000,193.0000,177.3000,192.7400,6460904
2021-01-25,186.0500,192.4700,170.0300,177.5300,7472859
2021-01-22,178.0900,185.3066,175.1900,181.8700,7136811
2021-01-21,164.9900,183.4700,155.3300,180.4000,17618431
2021-01-20,176.0100,176.3100,161.0000,161.8300,8517416
2021-01-19,173.0000,178.6000,166.6001,173.6900,4685415
2021-01-15,184.5800,185.9950,164.8601,169.2700,8575682
2021-01-14,175.5400,187.4200,174.9754,180.5000,9926539
2021-01-13,160.8100,178.6199,159.3500,169.9900,12529711
2021-01-12,148.0800,163.8800,143.6100,160.8000,8110792
2021-01-11,147.9900,150.5000,144.0200,148.1300,2801867
2021-01-08,153.4500,155.5400,147.2501,149.7700,4615625
2021-01-07,146.3700,154.4200,145.2614,151.2700,4482769
2021-01-06,145.7500,148.3500,141.1100,142.7700,4213936
2021-01-05,138.2800,149.0000,137.2500,148.3000,5974246
2021-01-04,150.9900,151.0050,137.0000,139.1500,6409884
2020-12-31,146.9000,147.8900,144.5100,146.8000,2795813
2020-12-30,151.3400,152.8130,145.6000,148.4300,3462445
2020-12-29,150.0000,151.6511,143.1200,150.0000,5402266
2020-12-28,158.6000,163.6400,147.5200,149.0000,6205197
2020-12-24,159.1600,162.7900,154.1124,154.8400,3621360
2020-12-23,162.8137,168.2500,155.5000,158.0100,5852486
2020-12-22,170.0000,174.9700,161.0500,163.1900,9886633
2020-12-21,155.3100,172.0000,145.1100,163.0200,17788120
2020-12-18,150.4497,159.0000,150.3000,157.3000,15954235
2020-12-17,143.0000,152.4499,142.6700,147.0500,15054725
2020-12-16,125.8300,142.0000,124.9100,137.9900,20409551
2020-12-15,126.6900,127.6000,121.5000,124.8000,10914432
2020-12-14,135.0000,135.3000,125.1601,130.0000,16966089
2020-12-11,146.5500,151.5000,135.1000,139.2500,26980830
2020-12-10,146.0000,165.0000,141.2500,144.7100,70447537
